{"1":{"surah_number":1,"audio_url":"https://download.quranicaudio.com/qdc/abdul_baset/murattal/1.mp3","duration":41},"2":{"surah_number":2,"audio_url":"https://download.quranicaudio.com/qdc/abdul_baset/murattal/2.mp3","duration":8655},"3":{"surah_number":3,"audio_url":"https://download.quranicaudio.com/qdc/abdul_baset/murattal/3.mp3","duration":5263},"4":{"surah_number":4,"audio_url":"https://download.quranicaudio.com/qdc/abdul_baset/murattal/4.mp3","duration":5278},"5":{"surah_number":5,"audio_url":"https://download.quranicaudio.com/qdc/abdul_baset/murattal/5.mp3","duration":4060},"6":{"surah_number":6,"audio_url":"https://download.quranicaudio.com/qdc/abdul_baset/murattal/6.mp3","duration":4854},"7":{"surah_number":7,"audio_url":"https://download.quranicaudio.com/qdc/abdul_baset/murattal/7.mp3","duration":5698},"8":{"surah_number":8,"audio_url":"https://download.quranicaudio.com/qdc/abdul_baset/murattal/8.mp3","duration":1658},"9":{"surah_number":9,"audio_url":"https://download.quranicaudio.com/qdc/abdul_baset/murattal/9.mp3","duration":3271},"10":{"surah_number":10,"audio_url":"https://download.quranicaudio.com/qdc/abdul_baset/murattal/10.mp3","duration":2374},"11":{"surah_number":11,"audio_url":"https://download.quranicaudio.com/qdc/abdul_baset/murattal/11.mp3","duration":2430},"12":{"surah_number":12,"audio_url":"https://download.quranicaudio.com/qdc/abdul_baset/murattal/12.mp3","duration":2201},"13":{"surah_number":13,"audio_url":"https://download.quranicaudio.com/qdc/abdul_baset/murattal/13.mp3","duration":1061},"14":{"surah_number":14,"audio_url":"https://download.quranicaudio.com/qdc/abdul_baset/murattal/14.mp3","duration":1010},"15":{"surah_number":15,"audio_url":"https://download.quranicaudio.com/qdc/abdul_baset/murattal/15.mp3","duration":830},"16":{"surah_number":16,"audio_url":"https://download.quranicaudio.com/qdc/abdul_baset/murattal/16.mp3","duration":2457},"17":{"surah_number":17,"audio_url":"https://download.quranicaudio.com/qdc/abdul_baset/murattal/17.mp3","duration":2220},"18":{"surah_number":18,"audio_url":"https://download.quranicaudio.com/qdc/abdul_baset/murattal/18.mp3","duration":2327},"19":{"surah_number":19,"audio_url":"https://download.quranicaudio.com/qdc/abdul_baset/murattal/19.mp3","duration":1403},"20":{"surah_number":20,"audio_url":"https://download.quranicaudio.com/qdc/abdul_baset/murattal/20.mp3","duration":1905},"21":{"surah_number":21,"audio_url":"https://download.quranicaudio.com/qdc/abdul_baset/murattal/21.mp3","duration":1826},"22":{"surah_number":22,"audio_url":"https://download.quranicaudio.com/qdc/abdul_baset/murattal/22.mp3","duration":1864},"23":{"surah_number":23,"audio_url":"https://download.quranicaudio.com/qdc/abdul_baset/murattal/23.mp3","duration":1532},"24":{"surah_number":24,"audio_url":"https://download.quranicaudio.com/qdc/abdul_baset/murattal/24.mp3","duration":1650},"25":{"surah_number":25,"audio_url":"https://download.quranicaudio.com/qdc/abdul_baset/murattal/25.mp3","duration":1006},"26":{"surah_number":26,"audio_url":"https://download.quranicaudio.com/qdc/abdul_baset/murattal/26.mp3","duration":1848},"27":{"surah_number":27,"audio_url":"https://download.quranicaudio.com/qdc/abdul_baset/murattal/27.mp3","duration":1865},"28":{"surah_number":28,"audio_url":"https://download.quranicaudio.com/qdc/abdul_baset/murattal/28.mp3","duration":2244},"29":{"surah_number":29,"audio_url":"https://download.quranicaudio.com/qdc/abdul_baset/murattal/29.mp3","duration":1482},"30":{"surah_number":30,"audio_url":"https://download.quranicaudio.com/qdc/abdul_baset/murattal/30.mp3","duration":1167},"31":{"surah_number":31,"audio_url":"https://download.quranicaudio.com/qdc/abdul_baset/murattal/31.mp3","duration":611},"32":{"surah_number":32,"audio_url":"https://download.quranicaudio.com/qdc/abdul_baset/murattal/32.mp3","duration":444},"33":{"surah_number":33,"audio_url":"https://download.quranicaudio.com/qdc/abdul_baset/murattal/33.mp3","duration":1589},"34":{"surah_number":34,"audio_url":"https://download.quranicaudio.com/qdc/abdul_baset/murattal/34.mp3","duration":1022},"35":{"surah_number":35,"audio_url":"https://download.quranicaudio.com/qdc/abdul_baset/murattal/35.mp3","duration":967},"36":{"surah_number":36,"audio_url":"https://download.quranicaudio.com/qdc/abdul_baset/murattal/36.mp3","duration":867},"37":{"surah_number":37,"audio_url":"https://download.quranicaudio.com/qdc/abdul_baset/murattal/37.mp3","duration":1136},"38":{"surah_number":38,"audio_url":"https://download.quranicaudio.com/qdc/abdul_baset/murattal/38.mp3","duration":986},"39":{"surah_number":39,"audio_url":"https://download.quranicaudio.com/qdc/abdul_baset/murattal/39.mp3","duration":1711},"40":{"surah_number":40,"audio_url":"https://download.quranicaudio.com/qdc/abdul_baset/murattal/40.mp3","duration":1693},"41":{"surah_number":41,"audio_url":"https://download.quranicaudio.com/qdc/abdul_baset/murattal/41.mp3","duration":1200},"42":{"surah_number":42,"audio_url":"https://download.quranicaudio.com/qdc/abdul_baset/murattal/42.mp3","duration":1290},"43":{"surah_number":43,"audio_url":"https://download.quranicaudio.com/qdc/abdul_baset/murattal/43.mp3","duration":1322},"44":{"surah_number":44,"audio_url":"https://download.quranicaudio.com/qdc/abdul_baset/murattal/44.mp3","duration":542},"45":{"surah_number":45,"audio_url":"https://download.quranicaudio.com/qdc/abdul_baset/murattal/45.mp3","duration":747},"46":{"surah_number":46,"audio_url":"https://download.quranicaudio.com/qdc/abdul_baset/murattal/46.mp3","duration":1009},"47":{"surah_number":47,"audio_url":"https://download.quranicaudio.com/qdc/abdul_baset/murattal/47.mp3","duration":840},"48":{"surah_number":48,"audio_url":"https://download.quranicaudio.com/qdc/abdul_baset/murattal/48.mp3","duration":801},"49":{"surah_number":49,"audio_url":"https://download.quranicaudio.com/qdc/abdul_baset/murattal/49.mp3","duration":500},"50":{"surah_number":50,"audio_url":"https://download.quranicaudio.com/qdc/abdul_baset/murattal/50.mp3","duration":490},"51":{"surah_number":51,"audio_url":"https://download.quranicaudio.com/qdc/abdul_baset/murattal/51.mp3","duration":528},"52":{"surah_number":52,"audio_url":"https://download.quranicaudio.com/qdc/abdul_baset/murattal/52.mp3","duration":458},"53":{"surah_number":53,"audio_url":"https://download.quranicaudio.com/qdc/abdul_baset/murattal/53.mp3","duration":506},"54":{"surah_number":54,"audio_url":"https://download.quranicaudio.com/qdc/abdul_baset/murattal/54.mp3","duration":536},"55":{"surah_number":55,"audio_url":"https://download.quranicaudio.com/qdc/abdul_baset/murattal/55.mp3","duration":613},"56":{"surah_number":56,"audio_url":"https://download.quranicaudio.com/qdc/abdul_baset/murattal/56.mp3","duration":616},"57":{"surah_number":57,"audio_url":"https://download.quranicaudio.com/qdc/abdul_baset/murattal/57.mp3","duration":798},"58":{"surah_number":58,"audio_url":"https://download.quranicaudio.com/qdc/abdul_baset/murattal/58.mp3","duration":668},"59":{"surah_number":59,"audio_url":"https://download.quranicaudio.com/qdc/abdul_baset/murattal/59.mp3","duration":686},"60":{"surah_number":60,"audio_url":"https://download.quranicaudio.com/qdc/abdul_baset/murattal/60.mp3","duration":577},"61":{"surah_number":61,"audio_url":"https://download.quranicaudio.com/qdc/abdul_baset/murattal/61.mp3","duration":311},"62":{"surah_number":62,"audio_url":"https://download.quranicaudio.com/qdc/abdul_baset/murattal/62.mp3","duration":247},"63":{"surah_number":63,"audio_url":"https://download.quranicaudio.com/qdc/abdul_baset/murattal/63.mp3","duration":269},"64":{"surah_number":64,"audio_url":"https://download.quranicaudio.com/qdc/abdul_baset/murattal/64.mp3","duration":348},"65":{"surah_number":65,"audio_url":"https://download.quranicaudio.com/qdc/abdul_baset/murattal/65.mp3","duration":425},"66":{"surah_number":66,"audio_url":"https://download.quranicaudio.com/qdc/abdul_baset/murattal/66.mp3","duration":424},"67":{"surah_number":67,"audio_url":"https://download.quranicaudio.com/qdc/abdul_baset/murattal/67.mp3","duration":483},"68":{"surah_number":68,"audio_url":"https://download.quranicaudio.com/qdc/abdul_baset/murattal/68.mp3","duration":462},"69":{"surah_number":69,"audio_url":"https://download.quranicaudio.com/qdc/abdul_baset/murattal/69.mp3","duration":414},"70":{"surah_number":70,"audio_url":"https://download.quranicaudio.com/qdc/abdul_baset/murattal/70.mp3","duration":346},"71":{"surah_number":71,"audio_url":"https://download.quranicaudio.com/qdc/abdul_baset/murattal/71.mp3","duration":350},"72":{"surah_number":72,"audio_url":"https://download.quranicaudio.com/qdc/abdul_baset/murattal/72.mp3","duration":410},"73":{"surah_number":73,"audio_url":"https://download.quranicaudio.com/qdc/abdul_baset/murattal/73.mp3","duration":292},"74":{"surah_number":74,"audio_url":"https://download.quranicaudio.com/qdc/abdul_baset/murattal/74.mp3","duration":402},"75":{"surah_number":75,"audio_url":"https://download.quranicaudio.com/qdc/abdul_baset/murattal/75.mp3","duration":248},"76":{"surah_number":76,"audio_url":"https://download.quranicaudio.com/qdc/abdul_baset/murattal/76.mp3","duration":362},"77":{"surah_number":77,"audio_url":"https://download.quranicaudio.com/qdc/abdul_baset/murattal/77.mp3","duration":281},"78":{"surah_number":78,"audio_url":"https://download.quranicaudio.com/qdc/abdul_baset/murattal/78.mp3","duration":271},"79":{"surah_number":79,"audio_url":"https://download.quranicaudio.com/qdc/abdul_baset/murattal/79.mp3","duration":255},"80":{"surah_number":80,"audio_url":"https://download.quranicaudio.com/qdc/abdul_baset/murattal/80.mp3","duration":209},"81":{"surah_number":81,"audio_url":"https://download.quranicaudio.com/qdc/abdul_baset/murattal/81.mp3","duration":144},"82":{"surah_number":82,"audio_url":"https://download.quranicaudio.com/qdc/abdul_baset/murattal/82.mp3","duration":113},"83":{"surah_number":83,"audio_url":"https://download.quranicaudio.com/qdc/abdul_baset/murattal/83.mp3","duration":249},"84":{"surah_number":84,"audio_url":"https://download.quranicaudio.com/qdc/abdul_baset/murattal/84.mp3","duration":143},"85":{"surah_number":85,"audio_url":"https://download.quranicaudio.com/qdc/abdul_baset/murattal/85.mp3","duration":140},"86":{"surah_number":86,"audio_url":"https://download.quranicaudio.com/qdc/abdul_baset/murattal/86.mp3","duration":87},"87":{"surah_number":87,"audio_url":"https://download.quranicaudio.com/qdc/abdul_baset/murattal/87.mp3","duration":100},"88":{"surah_number":88,"audio_url":"https://download.quranicaudio.com/qdc/abdul_baset/murattal/88.mp3","duration":125},"89":{"surah_number":89,"audio_url":"https://download.quranicaudio.com/qdc/abdul_baset/murattal/89.mp3","duration":188},"90":{"surah_number":90,"audio_url":"https://download.quranicaudio.com/qdc/abdul_baset/murattal/90.mp3","duration":109},"91":{"surah_number":91,"audio_url":"https://download.quranicaudio.com/qdc/abdul_baset/murattal/91.mp3","duration":80},"92":{"surah_number":92,"audio_url":"https://download.quranicaudio.com/qdc/abdul_baset/murattal/92.mp3","duration":108},"93":{"surah_number":93,"audio_url":"https://download.quranicaudio.com/qdc/abdul_baset/murattal/93.mp3","duration":59},"94":{"surah_number":94,"audio_url":"https://download.quranicaudio.com/qdc/abdul_baset/murattal/94.mp3","duration":34},"95":{"surah_number":95,"audio_url":"https://download.quranicaudio.com/qdc/abdul_baset/murattal/95.mp3","duration":45},"96":{"surah_number":96,"audio_url":"https://download.quranicaudio.com/qdc/abdul_baset/murattal/96.mp3","duration":96},"97":{"surah_number":97,"audio_url":"https://download.quranicaudio.com/qdc/abdul_baset/murattal/97.mp3","duration":36},"98":{"surah_number":98,"audio_url":"https://download.quranicaudio.com/qdc/abdul_baset/murattal/98.mp3","duration":119},"99":{"surah_number":99,"audio_url":"https://download.quranicaudio.com/qdc/abdul_baset/murattal/99.mp3","duration":50},"100":{"surah_number":100,"audio_url":"https://download.quranicaudio.com/qdc/abdul_baset/murattal/100.mp3","duration":53},"101":{"surah_number":101,"audio_url":"https://download.quranicaudio.com/qdc/abdul_baset/murattal/101.mp3","duration":51},"102":{"surah_number":102,"audio_url":"https://download.quranicaudio.com/qdc/abdul_baset/murattal/102.mp3","duration":41},"103":{"surah_number":103,"audio_url":"https://download.quranicaudio.com/qdc/abdul_baset/murattal/103.mp3","duration":18},"104":{"surah_number":104,"audio_url":"https://download.quranicaudio.com/qdc/abdul_baset/murattal/104.mp3","duration":45},"105":{"surah_number":105,"audio_url":"https://download.quranicaudio.com/qdc/abdul_baset/murattal/105.mp3","duration":29},"106":{"surah_number":106,"audio_url":"https://download.quranicaudio.com/qdc/abdul_baset/murattal/106.mp3","duration":25},"107":{"surah_number":107,"audio_url":"https://download.quranicaudio.com/qdc/abdul_baset/murattal/107.mp3","duration":34},"108":{"surah_number":108,"audio_url":"https://download.quranicaudio.com/qdc/abdul_baset/murattal/108.mp3","duration":14},"109":{"surah_number":109,"audio_url":"https://download.quranicaudio.com/qdc/abdul_baset/murattal/109.mp3","duration":36},"110":{"surah_number":110,"audio_url":"https://download.quranicaudio.com/qdc/abdul_baset/murattal/110.mp3","duration":23},"111":{"surah_number":111,"audio_url":"https://download.quranicaudio.com/qdc/abdul_baset/murattal/111.mp3","duration":28},"112":{"surah_number":112,"audio_url":"https://download.quranicaudio.com/qdc/abdul_baset/murattal/112.mp3","duration":13},"113":{"surah_number":113,"audio_url":"https://download.quranicaudio.com/qdc/abdul_baset/murattal/113.mp3","duration":24},"114":{"surah_number":114,"audio_url":"https://download.quranicaudio.com/qdc/abdul_baset/murattal/114.mp3","duration":29}}